{
    "enabled": true,
    "neededInstalledMods": [],
    "neededUninstalledMods": [],
    "spawns": [
        {
            "id": "metapod-1",
            "pokemon": "metapod",
            "presets": [
                "natural",
                "foliage",
                "treetop"
            ],
            "type": "pokemon",
            "context": "grounded",
            "bucket": "common",
            "level": "7-21",
            "weight": 2.0,
            "condition": {
                "minSkyLight": 8,
                "maxSkyLight": 15,
                "biomes": [
                    "#cobblemon:is_forest",
                    "#cobblemon:is_plains",
                    "aether:skyroot_forest",
                    "aether:skyroot_woodland"
                ]
            },
            "anticondition": {
                "biomes": [
                    "#cobblemon:is_freezing",
                    "#cobblemon:is_spooky"
                ]
            }
        },
        {
            "id": "metapod-valencian-3",
            "pokemon": "metapod valencian",
            "presets": [
                "natural",
                "treetop"
            ],
            "type": "pokemon",
            "context": "grounded",
            "bucket": "common",
            "level": "7-21",
            "weight": 2.0,
            "condition": {
                "minSkyLight": 8,
                "maxSkyLight": 15,
                "biomes": [
                    "#cobblemon:is_jungle",
                    "#cobblemon:is_tropical_island"
                ]
            }
        },
        {
            "id": "metapod-valencian-4",
            "pokemon": "metapod valencian",
            "type": "pokemon",
            "context": "grounded",
            "bucket": "common",
            "level": "7-21",
            "weight": 1.0,
            "condition": {
                "biomes": [
                    "the_bumblezone:floral_meadow"
                ]
            },
            "anticondition": {
                "structures": [
                    "#the_bumblezone:sempiternal_sanctums"
                ]
            }
        }
    ]
}