{
    "enabled": true,
    "neededInstalledMods": [],
    "neededUninstalledMods": [],
    "spawns": [
        {
            "id": "slowpoke-1",
            "pokemon": "slowpoke",
            "presets": [
                "natural"
            ],
            "type": "pokemon",
            "context": "grounded",
            "bucket": "common",
            "level": "7-32",
            "weight": 5.4,
            "condition": {
                "minSkyLight": 8,
                "maxSkyLight": 15,
                "biomes": [
                    "#cobblemon:is_beach"
                ]
            }
        },
        {
            "id": "slowpoke-2",
            "pokemon": "slowpoke",
            "presets": [
                "natural"
            ],
            "type": "pokemon",
            "context": "grounded",
            "bucket": "common",
            "level": "7-32",
            "weight": 6.0,
            "condition": {
                "minSkyLight": 8,
                "maxSkyLight": 15,
                "biomes": [
                    "#cobblemon:is_river"
                ]
            },
            "anticondition": {
                "biomes": [
                    "#cobblemon:is_freezing"
                ]
            }
        },
        {
            "id": "slowpoke-3",
            "pokemon": "slowpoke",
            "type": "pokemon",
            "context": "fishing",
            "bucket": "common",
            "level": "7-32",
            "weight": 1.8,
            "weightMultipliers": [
                {
                    "multiplier": 3.0,
                    "condition": {
                        "minLureLevel": 2,
                        "maxLureLevel": 2
                    }
                },
                {
                    "multiplier": 5.0,
                    "condition": {
                        "minLureLevel": 3
                    }
                }
            ],
            "condition": {
                "canSeeSky": true,
                "biomes": [
                    "#cobblemon:is_beach"
                ]
            }
        },
        {
            "id": "slowpoke-4",
            "pokemon": "slowpoke",
            "type": "pokemon",
            "context": "fishing",
            "bucket": "common",
            "level": "7-32",
            "weight": 2.0,
            "weightMultipliers": [
                {
                    "multiplier": 3.0,
                    "condition": {
                        "minLureLevel": 2,
                        "maxLureLevel": 2
                    }
                },
                {
                    "multiplier": 5.0,
                    "condition": {
                        "minLureLevel": 3
                    }
                }
            ],
            "condition": {
                "canSeeSky": true,
                "biomes": [
                    "#cobblemon:is_freshwater"
                ]
            },
            "anticondition": {
                "biomes": [
                    "#cobblemon:is_freezing"
                ]
            }
        },
        {
            "id": "slowpoke-5",
            "pokemon": "slowpoke",
            "type": "pokemon",
            "context": "fishing",
            "bucket": "common",
            "level": "7-32",
            "weight": 1.8,
            "weightMultipliers": [
                {
                    "multiplier": 3.0,
                    "condition": {
                        "minLureLevel": 2,
                        "maxLureLevel": 2
                    }
                },
                {
                    "multiplier": 5.0,
                    "condition": {
                        "minLureLevel": 3
                    }
                }
            ],
            "condition": {
                "canSeeSky": false,
                "minSkyLight": 8,
                "maxSkyLight": 15,
                "biomes": [
                    "#cobblemon:is_beach"
                ]
            }
        },
        {
            "id": "slowpoke-6",
            "pokemon": "slowpoke",
            "type": "pokemon",
            "context": "fishing",
            "bucket": "common",
            "level": "7-32",
            "weight": 2.0,
            "weightMultipliers": [
                {
                    "multiplier": 3.0,
                    "condition": {
                        "minLureLevel": 2,
                        "maxLureLevel": 2
                    }
                },
                {
                    "multiplier": 5.0,
                    "condition": {
                        "minLureLevel": 3
                    }
                }
            ],
            "condition": {
                "canSeeSky": false,
                "minSkyLight": 8,
                "maxSkyLight": 15,
                "biomes": [
                    "#cobblemon:is_freshwater"
                ]
            },
            "anticondition": {
                "biomes": [
                    "#cobblemon:is_freezing"
                ]
            }
        },
        {
            "id": "slowpoke-galarian-7",
            "pokemon": "slowpoke galarian",
            "presets": [
                "natural"
            ],
            "type": "pokemon",
            "context": "grounded",
            "bucket": "common",
            "level": "7-32",
            "weight": 5.4,
            "condition": {
                "minSkyLight": 8,
                "maxSkyLight": 15,
                "biomes": [
                    "minecraft:mushroom_fields",
                    "#cobblemon:is_tropical_island"
                ],
                "neededNearbyBlocks": [
                    "#minecraft:water"
                ]
            }
        },
        {
            "id": "slowpoke-galarian-8",
            "pokemon": "slowpoke galarian",
            "type": "pokemon",
            "context": "fishing",
            "bucket": "common",
            "level": "7-32",
            "weight": 1.8,
            "weightMultipliers": [
                {
                    "multiplier": 3.0,
                    "condition": {
                        "minLureLevel": 2,
                        "maxLureLevel": 2
                    }
                },
                {
                    "multiplier": 5.0,
                    "condition": {
                        "minLureLevel": 3
                    }
                }
            ],
            "condition": {
                "canSeeSky": true,
                "biomes": [
                    "minecraft:mushroom_fields",
                    "#cobblemon:is_tropical_island"
                ]
            }
        },
        {
            "id": "slowpoke-galarian-9",
            "pokemon": "slowpoke galarian",
            "type": "pokemon",
            "context": "fishing",
            "bucket": "common",
            "level": "7-32",
            "weight": 1.8,
            "weightMultipliers": [
                {
                    "multiplier": 3.0,
                    "condition": {
                        "minLureLevel": 2,
                        "maxLureLevel": 2
                    }
                },
                {
                    "multiplier": 5.0,
                    "condition": {
                        "minLureLevel": 3
                    }
                }
            ],
            "condition": {
                "canSeeSky": false,
                "minSkyLight": 8,
                "maxSkyLight": 15,
                "biomes": [
                    "minecraft:mushroom_fields",
                    "#cobblemon:is_tropical_island"
                ]
            }
        }
    ]
}