{
    "enabled": true,
    "neededInstalledMods": [],
    "neededUninstalledMods": [],
    "spawns": [
        {
            "id": "grimer-1",
            "pokemon": "grimer",
            "presets": [
                "water"
            ],
            "type": "pokemon",
            "context": "surface",
            "bucket": "uncommon",
            "level": "8-33",
            "weight": 1.68,
            "weightMultiplier": {
                "multiplier": 1.5,
                "condition": {
                    "timeRange": "night"
                }
            },
            "condition": {
                "minSkyLight": 8,
                "maxSkyLight": 15,
                "biomes": [
                    "#cobblemon:is_swamp"
                ]
            }
        },
        {
            "id": "grimer-2",
            "pokemon": "grimer",
            "presets": [
                "water",
                "urban"
            ],
            "type": "pokemon",
            "context": "surface",
            "bucket": "uncommon",
            "level": "8-33",
            "weight": 1.68,
            "weightMultiplier": {
                "multiplier": 1.5,
                "condition": {
                    "timeRange": "night"
                }
            },
            "condition": {
                "minSkyLight": 8,
                "maxSkyLight": 15,
                "biomes": [
                    "#cobblemon:is_overworld"
                ]
            },
            "anticondition": {
                "biomes": [
                    "#cobblemon:is_swamp"
                ]
            }
        },
        {
            "id": "grimer-3",
            "pokemon": "grimer",
            "presets": [
                "water"
            ],
            "type": "pokemon",
            "context": "surface",
            "bucket": "uncommon",
            "level": "8-33",
            "weight": 1.68,
            "weightMultiplier": {
                "multiplier": 1.5,
                "condition": {
                    "timeRange": "night"
                }
            },
            "condition": {
                "minSkyLight": 8,
                "maxSkyLight": 15,
                "biomes": [
                    "#cobblemon:is_overworld"
                ],
                "structures": [
                    "#minecraft:village"
                ]
            },
            "anticondition": {
                "biomes": [
                    "#cobblemon:is_swamp"
                ]
            }
        },
        {
            "id": "grimer-4",
            "pokemon": "grimer",
            "presets": [
                "water"
            ],
            "type": "pokemon",
            "context": "fishing",
            "bucket": "common",
            "level": "8-33",
            "weight": 1.8,
            "weightMultipliers": [
                {
                    "multiplier": 3.0,
                    "condition": {
                        "minLureLevel": 2,
                        "maxLureLevel": 2
                    }
                },
                {
                    "multiplier": 5.0,
                    "condition": {
                        "minLureLevel": 3
                    }
                }
            ],
            "condition": {
                "canSeeSky": true,
                "biomes": [
                    "#cobblemon:is_swamp"
                ]
            }
        },
        {
            "id": "grimer-5",
            "pokemon": "grimer",
            "presets": [
                "water",
                "urban"
            ],
            "type": "pokemon",
            "context": "fishing",
            "bucket": "common",
            "level": "8-33",
            "weight": 1.8,
            "weightMultipliers": [
                {
                    "multiplier": 3.0,
                    "condition": {
                        "minLureLevel": 2,
                        "maxLureLevel": 2
                    }
                },
                {
                    "multiplier": 5.0,
                    "condition": {
                        "minLureLevel": 3
                    }
                }
            ],
            "condition": {
                "canSeeSky": true,
                "biomes": [
                    "#cobblemon:is_overworld"
                ]
            },
            "anticondition": {
                "biomes": [
                    "#cobblemon:is_swamp"
                ]
            }
        },
        {
            "id": "grimer-6",
            "pokemon": "grimer",
            "presets": [
                "water"
            ],
            "type": "pokemon",
            "context": "fishing",
            "bucket": "common",
            "level": "8-33",
            "weight": 1.8,
            "weightMultipliers": [
                {
                    "multiplier": 3.0,
                    "condition": {
                        "minLureLevel": 2,
                        "maxLureLevel": 2
                    }
                },
                {
                    "multiplier": 5.0,
                    "condition": {
                        "minLureLevel": 3
                    }
                }
            ],
            "condition": {
                "canSeeSky": true,
                "biomes": [
                    "#cobblemon:is_overworld"
                ],
                "structures": [
                    "#minecraft:village"
                ]
            },
            "anticondition": {
                "biomes": [
                    "#cobblemon:is_swamp"
                ]
            }
        },
        {
            "id": "grimer-7",
            "pokemon": "grimer",
            "presets": [
                "natural"
            ],
            "type": "pokemon",
            "context": "grounded",
            "bucket": "common",
            "level": "8-33",
            "weight": 9.0,
            "condition": {
                "biomes": [
                    "#cobblemon:nether/is_toxic"
                ]
            }
        },
        {
            "id": "grimer-8",
            "pokemon": "grimer",
            "presets": [
                "water"
            ],
            "type": "pokemon",
            "context": "fishing",
            "bucket": "common",
            "level": "8-33",
            "weight": 1.8,
            "weightMultipliers": [
                {
                    "multiplier": 3.0,
                    "condition": {
                        "minLureLevel": 2,
                        "maxLureLevel": 2
                    }
                },
                {
                    "multiplier": 5.0,
                    "condition": {
                        "minLureLevel": 3
                    }
                }
            ],
            "condition": {
                "canSeeSky": false,
                "minSkyLight": 8,
                "maxSkyLight": 15,
                "biomes": [
                    "#cobblemon:is_swamp"
                ]
            }
        },
        {
            "id": "grimer-9",
            "pokemon": "grimer",
            "presets": [
                "water",
                "urban"
            ],
            "type": "pokemon",
            "context": "fishing",
            "bucket": "common",
            "level": "8-33",
            "weight": 1.8,
            "weightMultipliers": [
                {
                    "multiplier": 3.0,
                    "condition": {
                        "minLureLevel": 2,
                        "maxLureLevel": 2
                    }
                },
                {
                    "multiplier": 5.0,
                    "condition": {
                        "minLureLevel": 3
                    }
                }
            ],
            "condition": {
                "canSeeSky": false,
                "minSkyLight": 8,
                "maxSkyLight": 15,
                "biomes": [
                    "#cobblemon:is_overworld"
                ]
            },
            "anticondition": {
                "biomes": [
                    "#cobblemon:is_swamp"
                ]
            }
        },
        {
            "id": "grimer-10",
            "pokemon": "grimer",
            "presets": [
                "water"
            ],
            "type": "pokemon",
            "context": "fishing",
            "bucket": "common",
            "level": "8-33",
            "weight": 1.8,
            "weightMultipliers": [
                {
                    "multiplier": 3.0,
                    "condition": {
                        "minLureLevel": 2,
                        "maxLureLevel": 2
                    }
                },
                {
                    "multiplier": 5.0,
                    "condition": {
                        "minLureLevel": 3
                    }
                }
            ],
            "condition": {
                "canSeeSky": false,
                "minSkyLight": 8,
                "maxSkyLight": 15,
                "biomes": [
                    "#cobblemon:is_overworld"
                ],
                "structures": [
                    "#minecraft:village"
                ]
            },
            "anticondition": {
                "biomes": [
                    "#cobblemon:is_swamp"
                ]
            }
        }
    ]
}