{
    "enabled": true,
    "neededInstalledMods": [],
    "neededUninstalledMods": [],
    "spawns": [
        {
            "id": "weezing-galarian-1",
            "pokemon": "weezing galarian",
            "presets": [
                "natural"
            ],
            "type": "pokemon",
            "context": "grounded",
            "bucket": "rare",
            "level": "26-39",
            "weight": 5.0,
            "condition": {
                "biomes": [
                    "#cobblemon:is_magical"
                ]
            }
        }
    ]
}