{
    "enabled": true,
    "neededInstalledMods": [],
    "neededUninstalledMods": [],
    "spawns": [
        {
            "id": "mrmime-galarian-4",
            "pokemon": "mrmime galarian",
            "presets": [
                "natural"
            ],
            "type": "pokemon",
            "context": "grounded",
            "bucket": "common",
            "level": "26-46",
            "weight": 1.2,
            "condition": {
                "canSeeSky": true,
                "biomes": [
                    "#cobblemon:is_freezing"
                ],
                "structures": [
                    "#minecraft:village"
                ]
            }
        },
        {
            "id": "mrmime-galarian-4",
            "pokemon": "mrmime galarian",
            "presets": [
                "natural"
            ],
            "type": "pokemon",
            "context": "grounded",
            "bucket": "rare",
            "level": "26-46",
            "weight": 8.0,
            "condition": {
                "canSeeSky": true,
                "biomes": [
                    "#cobblemon:is_freezing"
                ]
            }
        }
    ]
}