{
    "enabled": true,
    "neededInstalledMods": [],
    "neededUninstalledMods": [],
    "spawns": [
        {
            "id": "porygon-1",
            "pokemon": "porygon",
            "type": "pokemon",
            "context": "grounded",
            "bucket": "uncommon",
            "level": "15-40",
            "weight": 9.2,
            "condition": {
                "biomes": [
                    "#cobblemon:is_overworld"
                ],
                "neededNearbyBlocks": [
                    "cobblemon:pc"
                ]
            }
        }
    ]
}