{
  "enabled": true,
  "neededInstalledMods": [],
  "neededUninstalledMods": [],
  "spawns": [
    {
      "id": "zapdos-1T",
      "pokemon": "zapdos",
      "presets": [
        "natural",
        "wild"
      ],
      "type": "pokemon",
      "context": "grounded",
      "bucket": "ultra-rare",
      "level": "60",
      "weight": 1.0,
      "weightMultipliers": [
        {
          "multiplier": 4.0,
          "condition": {
            "isThundering": true
          },
          "anticondition": {
            "biomes": [
              "#cobblemon:is_arid",
              "#cobblemon:is_freezing"
            ]
          }
        }
      ],
      "condition": {
        "canSeeSky": true,
        "biomes": [
          "#cobblemon:is_overworld"
        ]
      }
    },
    {
      "id": "zapdos-galarian-1T",
      "pokemon": "zapdos galarian",
      "presets": [
        "natural",
        "wild"
      ],
      "type": "pokemon",
      "context": "grounded",
      "bucket": "ultra-rare",
      "level": "60",
      "weight": 3.0,
      "condition": {
        "canSeeSky": true,
        "biomes": [
          "#cobblemon:is_mountain"
        ]
      }
    }
  ]
}