{
    "enabled": false,
    "neededInstalledMods": [],
    "neededUninstalledMods": [],
    "spawns": [
        {
            "id": "dragonair-1",
            "pokemon": "dragonair",
            "presets": [
                "water"
            ],
            "type": "pokemon",
            "context": "surface",
            "bucket": "rare",
            "level": "30-42",
            "weight": 0.0,
            "condition": {
                "minSkyLight": 0,
                "maxSkyLight": 7,
                "biomes": [
                    "#cobblemon:is_overworld"
                ],
                "maxY": 32
            }
        },
        {
            "id": "dragonair-2",
            "pokemon": "dragonair",
            "presets": [
                "water"
            ],
            "type": "pokemon",
            "context": "submerged",
            "bucket": "rare",
            "level": "30-42",
            "weight": 0.0,
            "condition": {
                "minSkyLight": 0,
                "maxSkyLight": 7,
                "biomes": [
                    "#cobblemon:is_overworld"
                ],
                "maxY": 32
            }
        },
        {
            "id": "dragonair-3",
            "pokemon": "dragonair",
            "presets": [
                "water",
                "ocean_ruins"
            ],
            "type": "pokemon",
            "context": "submerged",
            "bucket": "uncommon",
            "level": "30-42",
            "weight": 0.0,
            "condition": {
                "canSeeSky": true,
                "biomes": [
                    "#cobblemon:is_ocean"
                ]
            }
        },
        {
            "id": "dragonair-4",
            "pokemon": "dragonair",
            "type": "pokemon",
            "context": "fishing",
            "bucket": "rare",
            "level": "30-42",
            "weight": 0.0,
            "condition": {
                "minSkyLight": 0,
                "maxSkyLight": 7,
                "biomes": [
                    "#aether:is_aether",
                    "#cobblemon:is_overworld"
                ],
                "maxY": 32
            }
        },
        {
            "id": "dragonair-5",
            "pokemon": "dragonair",
            "type": "pokemon",
            "context": "fishing",
            "bucket": "ultra-rare",
            "level": "30-42",
            "weight": 0.0,
            "condition": {
                "canSeeSky": true,
                "biomes": [
                    "#aether:is_aether",
                    "#cobblemon:is_magical",
                    "#cobblemon:is_ocean"
                ]
            },
            "anticondition": {
                "biomes": [
                    "#cobblemon:is_frozen_ocean"
                ]
            }
        },
        {
            "id": "dragonair-6",
            "pokemon": "dragonair",
            "presets": [
                "water",
                "ocean_ruins"
            ],
            "type": "pokemon",
            "context": "submerged",
            "bucket": "uncommon",
            "level": "30-42",
            "weight": 0.0,
            "condition": {
                "canSeeSky": false,
                "minSkyLight": 8,
                "maxSkyLight": 15,
                "biomes": [
                    "#cobblemon:is_ocean"
                ]
            }
        },
        {
            "id": "dragonair-7",
            "pokemon": "dragonair",
            "type": "pokemon",
            "context": "fishing",
            "bucket": "ultra-rare",
            "level": "30-42",
            "weight": 0.0,
            "condition": {
                "canSeeSky": false,
                "minSkyLight": 8,
                "maxSkyLight": 15,
                "biomes": [
                    "#aether:is_aether",
                    "#cobblemon:is_magical",
                    "#cobblemon:is_ocean"
                ]
            },
            "anticondition": {
                "biomes": [
                    "#cobblemon:is_frozen_ocean"
                ]
            }
        }
    ]
}