{
  "enabled": true,
  "neededInstalledMods": [],
  "neededUninstalledMods": [],
  "spawns": [
    {
      "id": "mew-1",
      "pokemon": "mew",
      "presets": [],
      "type": "pokemon",
      "context": "grounded",
      "bucket": "ultra-rare",
      "level": "70-70",
      "weight": 1.5,
      "condition": {
        "isThundering": false,
        "biomes": [
          "minecraft:mushroom_fields",
          "terralith:amethyst_canyon",
          "terralith:amethyst_rainforest",
          "terralith:mirage_isles",
          "terralith:moonlight_grove",
          "terralith:moonlight_valley"
        ]
      }
    },
	{
      "id": "mew-1T",
      "pokemon": "mew",
      "presets": [
        "natural",
        "wild"
      ],
      "type": "pokemon",
      "context": "grounded",
      "bucket": "ultra-rare",
      "level": "60",
      "weight": 0.5,
      "weightMultipliers": [
        {
            "multiplier": 4,
            "condition": {
              "timeRange": "noon"
          }
        }
      ],
      "condition": {
        "canSeeSky": true,
        "biomes": [ 
          "#cobblemon:is_floral", 
          "#cobblemon:is_jungle" 
        ]
      }
    }
  ]
}
