{
    "enabled": false,
    "neededInstalledMods": [],
    "neededUninstalledMods": [],
    "spawns": [
        {
            "id": "crobat-1",
            "pokemon": "crobat",
            "presets": [
                "natural"
            ],
            "type": "pokemon",
            "context": "grounded",
            "bucket": "common",
            "level": "41-54",
            "weight": 0.0,
            "condition": {
                "minSkyLight": 8,
                "maxSkyLight": 15,
                "biomes": [
                    "#cobblemon:is_forest",
                    "#cobblemon:is_swamp"
                ],
                "timeRange": "night",
                "isRaining": false
            },
            "anticondition": {
                "biomes": [
                    "#cobblemon:is_spooky",
                    "#cobblemon:is_freezing"
                ]
            }
        },
        {
            "id": "crobat-3",
            "pokemon": "crobat",
            "presets": [
                "natural"
            ],
            "type": "pokemon",
            "context": "grounded",
            "bucket": "common",
            "level": "41-54",
            "weight": 0.02,
            "weightMultiplier": {
                "multiplier": 0.25,
                "condition": {
                    "timeRange": "night"
                }
            },
            "condition": {
                "minSkyLight": 0,
                "maxSkyLight": 7,
                "biomes": [
                    "#cobblemon:is_forest",
                    "#cobblemon:is_swamp"
                ]
            },
            "anticondition": {
                "biomes": [
                    "#cobblemon:is_spooky",
                    "#cobblemon:is_freezing"
                ]
            }
        },
        {
            "id": "crobat-4",
            "pokemon": "crobat",
            "presets": [
                "natural"
            ],
            "type": "pokemon",
            "context": "grounded",
            "bucket": "common",
            "level": "41-54",
            "weight": 0.1,
            "weightMultiplier": {
                "multiplier": 1.5,
                "condition": {
                    "timeRange": "day"
                }
            },
            "condition": {
                "minSkyLight": 0,
                "maxSkyLight": 7,
                "biomes": [
                    "#cobblemon:is_overworld"
                ]
            },
            "anticondition": {
                "biomes": [
                    "#cobblemon:is_deep_dark",
                    "#cobblemon:is_forest",
                    "#cobblemon:is_swamp"
                ]
            }
        },
        {
            "id": "crobat-5",
            "pokemon": "crobat",
            "presets": [
                "derelict"
            ],
            "type": "pokemon",
            "context": "grounded",
            "bucket": "uncommon",
            "level": "41-54",
            "weight": 0.08,
            "weightMultiplier": {
                "multiplier": 1.5,
                "condition": {
                    "timeRange": "day"
                }
            },
            "condition": {
                "canSeeSky": false,
                "biomes": [
                    "#cobblemon:is_overworld"
                ]
            },
            "anticondition": {
                "biomes": [
                    "#cobblemon:is_deep_dark",
                    "#cobblemon:is_forest",
                    "#cobblemon:is_swamp"
                ]
            }
        },
        {
            "id": "crobat-6",
            "pokemon": "crobat",
            "presets": [
                "natural"
            ],
            "type": "pokemon",
            "context": "grounded",
            "bucket": "common",
            "level": "41-54",
            "weight": 0.1,
            "weightMultiplier": {
                "multiplier": 1.5,
                "condition": {
                    "timeRange": "night"
                }
            },
            "condition": {
                "minSkyLight": 8,
                "maxSkyLight": 15,
                "biomes": [
                    "#cobblemon:is_spooky"
                ],
                "isRaining": false
            }
        },
        {
            "id": "crobat-8",
            "pokemon": "crobat",
            "presets": [
                "natural"
            ],
            "type": "pokemon",
            "context": "grounded",
            "bucket": "uncommon",
            "level": "41-54",
            "weight": 0.08,
            "condition": {
                "minSkyLight": 0,
                "maxSkyLight": 7,
                "biomes": [
                    "#cobblemon:is_deep_dark"
                ]
            }
        },
        {
            "id": "crobat-9",
            "pokemon": "crobat",
            "presets": [
                "natural"
            ],
            "type": "pokemon",
            "context": "grounded",
            "bucket": "common",
            "level": "41-54",
            "weight": 0.1,
            "condition": {
                "minSkyLight": 0,
                "maxSkyLight": 7,
                "biomes": [
                    "#aether:is_aether"
                ]
            }
        }
    ]
}