{
    "enabled": true,
    "neededInstalledMods": [],
    "neededUninstalledMods": [],
    "spawns": [
        {
            "id": "shuckle-1",
            "pokemon": "shuckle",
            "presets": [
                "natural"
            ],
            "type": "pokemon",
            "context": "grounded",
            "bucket": "uncommon",
            "level": "16-51",
            "weight": 10.0,
            "condition": {
                "minSkyLight": 0,
                "maxSkyLight": 7,
                "biomes": [
                    "#cobblemon:is_lush"
                ]
            },
            "anticondition": {
                "structures": [
                    "cobblemon:shipwreck_coves/lush_shipwreck_cove"
                ],
                "minY": -41,
                "maxY": 9
            }
        },
        {
            "id": "shuckle-2",
            "pokemon": "shuckle",
            "type": "pokemon",
            "context": "fishing",
            "bucket": "uncommon",
            "level": "16-51",
            "weight": 6.0,
            "condition": {
                "minSkyLight": 0,
                "maxSkyLight": 7,
                "biomes": [
                    "#cobblemon:is_lush"
                ]
            },
            "anticondition": {
                "minLureLevel": 1,
                "structures": [
                    "cobblemon:shipwreck_coves/lush_shipwreck_cove"
                ],
                "minY": -41,
                "maxY": 9
            }
        },
        {
            "id": "shuckle-3",
            "pokemon": "shuckle",
            "type": "pokemon",
            "context": "fishing",
            "bucket": "common",
            "level": "16-51",
            "weight": 2.0,
            "weightMultiplier": {
                "multiplier": 3.0,
                "condition": {
                    "minLureLevel": 3
                }
            },
            "condition": {
                "minSkyLight": 0,
                "maxSkyLight": 7,
                "biomes": [
                    "#cobblemon:is_lush"
                ],
                "minLureLevel": 1
            },
            "anticondition": {
                "structures": [
                    "cobblemon:shipwreck_coves/lush_shipwreck_cove"
                ],
                "minY": -41,
                "maxY": 9
            }
        },
        {
            "id": "shuckle-4",
            "pokemon": "shuckle",
            "presets": [
                "natural"
            ],
            "type": "pokemon",
            "context": "grounded",
            "bucket": "uncommon",
            "level": "16-51",
            "weight": 10.0,
            "condition": {
                "minSkyLight": 0,
                "maxSkyLight": 7,
                "biomes": [
                    "#cobblemon:is_overworld"
                ],
                "structures": [
                    "cobblemon:shipwreck_coves/lush_shipwreck_cove"
                ],
                "minY": -41,
                "maxY": 9
            },
            "anticondition": {
                "biomes": [
                    "#cobblemon:is_lush"
                ]
            }
        },
        {
            "id": "shuckle-5",
            "pokemon": "shuckle",
            "type": "pokemon",
            "context": "fishing",
            "bucket": "uncommon",
            "level": "16-51",
            "weight": 6.0,
            "condition": {
                "minSkyLight": 0,
                "maxSkyLight": 7,
                "biomes": [
                    "#cobblemon:is_overworld"
                ],
                "structures": [
                    "cobblemon:shipwreck_coves/lush_shipwreck_cove"
                ],
                "minY": -41,
                "maxY": 9
            },
            "anticondition": {
                "minLureLevel": 1,
                "biomes": [
                    "#cobblemon:is_lush"
                ]
            }
        },
        {
            "id": "shuckle-6",
            "pokemon": "shuckle",
            "type": "pokemon",
            "context": "fishing",
            "bucket": "common",
            "level": "16-51",
            "weight": 2.0,
            "weightMultiplier": {
                "multiplier": 3.0,
                "condition": {
                    "minLureLevel": 3
                }
            },
            "condition": {
                "minSkyLight": 0,
                "maxSkyLight": 7,
                "biomes": [
                    "#cobblemon:is_overworld"
                ],
                "minLureLevel": 1,
                "structures": [
                    "cobblemon:shipwreck_coves/lush_shipwreck_cove"
                ],
                "minY": -41,
                "maxY": 9
            },
            "anticondition": {
                "biomes": [
                    "#cobblemon:is_lush"
                ]
            }
        }
    ]
}