{
    "enabled": false,
    "neededInstalledMods": [],
    "neededUninstalledMods": [],
    "spawns": [
        {
            "id": "porygon2-1",
            "pokemon": "porygon2",
            "type": "pokemon",
            "context": "grounded",
            "bucket": "uncommon",
            "level": "35-52",
            "weight": 0.0,
            "condition": {
                "biomes": [
                    "#cobblemon:is_overworld"
                ],
                "neededNearbyBlocks": [
                    "cobblemon:pc"
                ]
            }
        }
    ]
}