{
  "enabled": true,
  "neededInstalledMods": [],
  "neededUninstalledMods": [],
  "spawns": [
    {
      "id": "raikou-1T",
      "pokemon": "raikou",
      "presets": [
        "natural",
        "wild"
      ],
      "type": "pokemon",
      "context": "grounded",
      "bucket": "ultra-rare",
      "level": "60",
      "weight": 0.5,
      "weightMultipliers": [
        {
          "multiplier": 4,
          "condition": {
            "isThundering": true
          },
          "anticondition": {
            "biomes": [
              "#cobblemon:is_arid",
              "#cobblemon:is_snowy"
            ]
          }
        }
      ],
      "condition": {
        "canSeeSky": true,
        "biomes": [
            "#cobblemon:is_overworld"
        ]
      }
    }
  ]
}