{
  "enabled": true,
  "neededInstalledMods": [],
  "neededUninstalledMods": [],
  "spawns": [
    {
      "id": "hooh-1T",
      "pokemon": "hooh",
      "presets": [
        "natural",
        "wild"
      ],
      "type": "pokemon",
      "context": "grounded",
      "bucket": "ultra-rare",
      "level": "70",
      "weight": 4.0,
      "condition": {
        "minSkyLight": 8,
        "maxSkyLight": 15,
        "canSeeSky": true,
        "biomes": [
          "cobblemon:is_floral"
        ]
      }
    },
    {
      "id": "hooh-2T",
      "pokemon": "hooh",
      "presets": [
        "natural",
        "wild"
      ],
      "type": "pokemon",
      "context": "grounded",
      "bucket": "ultra-rare",
      "level": "70",
      "weight": 2.0,
      "condition": {
        "minSkyLight": 8,
        "maxSkyLight": 15,
        "canSeeSky": true,
        "biomes": [
          "#cobblemon:is_plains"
        ]
      }
    }
  ]
}