{
    "enabled": true,
    "neededInstalledMods": [],
    "neededUninstalledMods": [],
    "spawns": [
        {
            "id": "shroomish-1",
            "pokemon": "shroomish",
            "presets": [
                "natural"
            ],
            "type": "pokemon",
            "context": "grounded",
            "bucket": "common",
            "level": "5-30",
            "weight": 1.8,
            "condition": {
                "minSkyLight": 8,
                "maxSkyLight": 15,
                "biomes": [
                    "#cobblemon:is_forest",
                    "aether:skyroot_forest",
                    "aether:skyroot_woodland"
                ]
            },
            "anticondition": {
                "biomes": [
                    "#cobblemon:is_freezing"
                ]
            }
        },
        {
            "id": "shroomish-2",
            "pokemon": "shroomish",
            "presets": [
                "natural"
            ],
            "type": "pokemon",
            "context": "grounded",
            "bucket": "common",
            "level": "5-30",
            "weight": 9.0,
            "condition": {
                "minSkyLight": 8,
                "maxSkyLight": 15,
                "biomes": [
                    "#cobblemon:is_mushroom"
                ]
            }
        },
		{
            "id": "deeper-shroomish-1",
            "pokemon": "shroomish",
            "presets": [
                "deep_dark"
            ],
            "type": "pokemon",
            "context": "grounded",
            "bucket": "common",
            "level": "21-37",
            "weight": 9.8,
            "condition": {
                "biomes": [
                    "deeperdarker:echoing_forest"
                ]
            }
        }
    ]
}