{
    "enabled": true,
    "neededInstalledMods": [],
    "neededUninstalledMods": [],
    "spawns": [
        {
            "id": "shuppet-1",
            "pokemon": "shuppet",
            "presets": [
               "natural"
           ],
            "type": "pokemon",
            "context": "grounded",
            "bucket": "common",
            "level": "15-36",
            "weight": 10.0,
            "condition": {
                "canSeeSky": false,
                "biomes": [
                    "#cobblemon:is_deep_dark"
                ]
            }
        },
        {
            "id": "shuppet-2",
            "pokemon": "shuppet",
            "presets": [
                "natural"
            ],
            "type": "pokemon",
            "context": "grounded",
            "bucket": "rare",
            "level": "15-36",
            "weight": 8.0,
            "condition": {
                "timeRange": "night",
                "biomes": [
                    "#cobblemon:is_plains"
                ]
            }
        }
    ]
}