{
    "enabled": "true",
    "neededInstalledMods": [],
    "neededUninstalledMods": [],
    "spawns": [
        {
            "id": "banette-1",
            "pokemon": "banette",
            "presets": [
                "natural"
            ],
            "type": "pokemon",
            "context": "grounded",
            "bucket": "ultra-rare",
            "level": "37-45",
            "weight": 7.0,
            "condition": {
                "canSeeSky": false,
                "biomes": [
                    "#cobblemon:is_deep_dark"
                ],
                "maxY": 30
            }
        },
        {
            "id": "banette-2",
            "pokemon": "banette",
            "presets": [
                "natural"
            ],
            "type": "pokemon",
            "context": "grounded",
            "bucket": "rare",
            "level": "37-45",
            "weight": 1.0,
            "condition": {
                "timeRange": "night",
                "biomes": [
                    "#cobblemon:is_plains"
                ]
            }
        }
    ]
}