{
    "enabled": false,
    "neededInstalledMods": [],
    "neededUninstalledMods": [],
    "spawns": [
        {
            "id": "dusclops-1",
            "pokemon": "dusclops",
            "presets": [
                "natural"
            ],
            "type": "pokemon",
            "context": "grounded",
            "bucket": "common",
            "level": "37-46",
            "weight": 0.0,
            "condition": {
                "minSkyLight": 8,
                "maxSkyLight": 15,
                "biomes": [
                    "#cobblemon:is_spooky"
                ],
                "timeRange": "night"
            }
        },
        {
            "id": "dusclops-2",
            "pokemon": "dusclops",
            "presets": [
                "natural"
            ],
            "type": "pokemon",
            "context": "grounded",
            "bucket": "common",
            "level": "37-46",
            "weight": 0.0,
            "condition": {
                "biomes": [
                    "#cobblemon:nether/is_soul_sand"
                ]
            }
        }
    ]
}