{
    "enabled": true,
    "neededInstalledMods": [],
    "neededUninstalledMods": [],
    "spawns": [
        {
            "id": "snorunt-1T",
            "pokemon": "snorunt",
            "presets": [
                "natural"
            ],
            "type": "pokemon",
            "context": "grounded",
            "bucket": "common",
            "level": "8-25",
            "weight": 8.0,
            "condition": {
                "biomes": [
                    "#cobblemon:is_freezing"
                ]
            }
        },
        {
            "id": "snorunt-2T",
            "pokemon": "snorunt",
            "presets": [
                "natural"
            ],
            "type": "pokemon",
            "context": "grounded",
            "bucket": "uncommon",
            "level": "10-32",
            "weight": 8.0,
            "condition": {
                "biomes": [
                    "#cobblemon:is_freezing"
                ]
            }
        }
    ]
}
