{
    "enabled": true,
    "neededInstalledMods": [],
    "neededUninstalledMods": [],
    "spawns": [
        {
            "id": "glalie-1",
            "pokemon": "glalie",
            "presets": [
                "natural"
            ],
            "type": "pokemon",
            "context": "grounded",
            "bucket": "rare",
            "level": "40-65",
            "weight": 2.0,
            "condition": {
                "biomes": [
                    "#cobblemon:is_freezing"
                ]
            }
        }
    ]
}
