{
  "enabled": true,
  "neededInstalledMods": [],
  "neededUninstalledMods": [],
  "spawns": [
    {
      "id": "registeel-1T",
      "pokemon": "registeel",
      "presets": [
        "natural",
        "wild"
      ],
      "type": "pokemon",
      "context": "grounded",
      "bucket": "ultra-rare",
      "level": "70",
      "weight": 3.0,
      "condition": {
        "canSeeSky": true,
        "biomes": [
          "#cobblemon:is_mountain"
        ]
      }
    }
  ]
}