{
    "enabled": true,
    "neededInstalledMods": [],
    "neededUninstalledMods": [],
    "spawns": [
        {
            "id": "latias-1",
            "pokemon": "latias",
            "presets": [
            ],
            "type": "pokemon",
            "context": "grounded",
            "bucket": "ultra-rare",
            "level": "70",
            "weight": 3.0,
            "condition": {
                "biomes": [
                    "#cobblemon:is_plains",
                    "biomesoplenty:jacaranda_glade",
                    "biomesoplenty:lavender_field",
                    "biomesoplenty:ominous_woods",
                    "terralith:alpha_islands",
                    "terralith:mirage_isles"
                ]
            }
        }
    ]
}