{
  "enabled": true,
  "neededInstalledMods": [],
  "neededUninstalledMods": [],
  "spawns": [
    {
      "id": "rayquaza-1",
      "pokemon": "rayquaza",
      "presets": [
      ],
      "type": "pokemon",
      "context": "grounded",
      "bucket": "ultra-rare",
      "level": "70-85",
      "weight": 0.5,
	  "weightMultipliers": [
        {
          "multiplier": 1.5,
          "condition": {
            "minY": 200
          }
        },
        {
          "multiplier": 1.5,
          "condition": {
            "minY": 250
          }
        },
        {
          "multiplier": 1.5,
          "condition": {
            "minY": 300
          }
        }
      ],
      "condition": {
        "biomes": [ 
          "#cobblemon:is_floral",
          "biomesoplenty:dead_forest",
          "biomesoplenty:old_growth_dead_forest",
          "biomesoplenty:lavender_field",
          "terralith:emerald_peaks",
          "terralith:haze_mountains",
          "terralith:sakura_grove"
          ]
      }
    }
  ]
}