{
    "enabled": false,
    "neededInstalledMods": [],
    "neededUninstalledMods": [],
    "spawns": [
        {
            "id": "monferno-1",
            "pokemon": "monferno",
            "presets": [
                "natural",
                "treetop"
            ],
            "type": "pokemon",
            "context": "grounded",
            "bucket": "ultra-rare",
            "level": "14-41",
            "weight": 0.0,
            "condition": {
                "minSkyLight": 8,
                "maxSkyLight": 15,
                "biomes": [
                    "#cobblemon:is_mountain"
                ],
                "isRaining": false
            }
        },
        {
            "id": "monferno-2",
            "pokemon": "monferno",
            "presets": [
                "natural",
                "treetop"
            ],
            "type": "pokemon",
            "context": "grounded",
            "bucket": "ultra-rare",
            "level": "14-41",
            "weight": 0.0,
            "condition": {
                "biomes": [
                    "#cobblemon:nether/is_forest"
                ]
            }
        }
    ]
}