{
    "enabled": false,
    "neededInstalledMods": [],
    "neededUninstalledMods": [],
    "spawns": [
        {
            "id": "lopunny-1",
            "pokemon": "lopunny",
            "presets": [
                "natural",
                "wild"
            ],
            "type": "pokemon",
            "context": "grounded",
            "bucket": "common",
            "level": "30-48",
            "weight": 0.0,
            "condition": {
                "minSkyLight": 8,
                "maxSkyLight": 15,
                "biomes": [
                    "#cobblemon:is_forest",
                    "#cobblemon:is_hills",
                    "#cobblemon:is_snowy_forest",
                    "#cobblemon:is_snowy_taiga",
                    "#cobblemon:is_taiga"
                ]
            }
        }
    ]
}