{
    "enabled": true,
    "neededInstalledMods": [],
    "neededUninstalledMods": [],
    "spawns": [
        {
            "id": "spiritomb-1",
            "pokemon": "spiritomb",
            "presets": [
                "ancient_city"
            ],
            "type": "pokemon",
            "context": "grounded",
            "bucket": "uncommon",
            "level": "24-49",
            "weight": 60.0,
            "condition": {
                "minSkyLight": 0,
                "maxSkyLight": 7,
                "biomes": [
                    "#cobblemon:is_deep_dark"
                ]
            }
        },
        {
            "id": "spiritomb-2",
            "pokemon": "spiritomb",
            "type": "pokemon",
            "context": "grounded",
            "bucket": "rare",
            "level": "24-49",
            "weight": 100.0,
            "condition": {
                "biomes": [
                    "#cobblemon:is_overworld"
                ],
                "structures": [
                    "#cobblemon:ruin"
                ],
                "minY": 48
            }
        },
        {
            "id": "spiritomb-3",
            "pokemon": "spiritomb",
            "type": "pokemon",
            "context": "grounded",
            "bucket": "uncommon",
            "level": "24-49",
            "weight": 100.0,
            "condition": {
                "biomes": [
                    "#cobblemon:is_overworld"
                ],
                "structures": [
                    "#cobblemon:ruins/arch"
                ],
                "minY": -37,
                "maxY": 10
            }
        },
        {
            "id": "spiritomb-4",
            "pokemon": "spiritomb",
            "presets": [
                "trail_ruins"
            ],
            "type": "pokemon",
            "context": "grounded",
            "bucket": "rare",
            "level": "24-49",
            "weight": 100.0,
            "condition": {
                "biomes": [
                    "#cobblemon:is_overworld"
                ],
                "minY": 48
            }
        },
        {
            "id": "spiritomb-5",
            "pokemon": "spiritomb",
            "presets": [
                "natural",
                "desert_pyramid"
            ],
            "type": "pokemon",
            "context": "grounded",
            "bucket": "rare",
            "level": "24-49",
            "weight": 100.0,
            "condition": {
                "canSeeSky": false,
                "biomes": [
                    "#cobblemon:is_desert"
                ],
                "minY": 48
            }
        },
        {
            "id": "spiritomb-6",
            "pokemon": "spiritomb",
            "presets": [
                "natural",
                "jungle_pyramid"
            ],
            "type": "pokemon",
            "context": "grounded",
            "bucket": "rare",
            "level": "24-49",
            "weight": 100.0,
            "condition": {
                "canSeeSky": false,
                "biomes": [
                    "#cobblemon:is_jungle"
                ],
                "minY": 48
            }
        },
        {
            "id": "spiritomb-7",
            "pokemon": "spiritomb",
            "type": "pokemon",
            "context": "grounded",
            "bucket": "rare",
            "level": "24-49",
            "weight": 10.0,
            "condition": {
                "biomes": [
                    "the_bumblezone:howling_constructs"
                ]
            },
            "anticondition": {
                "structures": [
                    "#the_bumblezone:sempiternal_sanctums"
                ]
            }
        },
		{
            "id": "deeper-spiritomb-1",
            "pokemon": "spiritomb",
            "presets": [
                "deep_dark"
            ],
            "type": "pokemon",
            "context": "grounded",
            "bucket": "uncommon",
            "level": "29-54",
            "weight": 3.6,
            "condition": {
                "biomes": [
                    "deeperdarker:deeplands",
                    "deeperdarker:echoing_forest"
                ]
            }
        }
    ]
}