{
    "enabled": false,
    "neededInstalledMods": [],
    "neededUninstalledMods": [],
    "spawns": [
        {
            "id": "garchomp-1",
            "pokemon": "garchomp",
            "presets": [
                "natural",
                "wild"
            ],
            "type": "pokemon",
            "context": "grounded",
            "bucket": "rare",
            "level": "48-60",
            "weight": 0.0,
            "condition": {
                "minSkyLight": 0,
                "maxSkyLight": 7,
                "biomes": [
                    "#cobblemon:is_badlands",
                    "#cobblemon:is_mountain"
                ],
                "minY": 0
            }
        },
        {
            "id": "garchomp-2",
            "pokemon": "garchomp",
            "presets": [
                "natural",
                "wild"
            ],
            "type": "pokemon",
            "context": "grounded",
            "bucket": "ultra-rare",
            "level": "48-60",
            "weight": 0.0,
            "condition": {
                "minSkyLight": 8,
                "maxSkyLight": 15,
                "biomes": [
                    "#cobblemon:is_badlands",
                    "#cobblemon:is_mountain"
                ]
            }
        },
        {
            "id": "garchomp-3",
            "pokemon": "garchomp",
            "presets": [
                "natural"
            ],
            "type": "pokemon",
            "context": "grounded",
            "bucket": "ultra-rare",
            "level": "48-60",
            "weight": 0.0,
            "condition": {
                "minSkyLight": 0,
                "maxSkyLight": 7,
                "biomes": [
                    "#cobblemon:is_overworld"
                ],
                "minY": 0
            },
            "anticondition": {
                "biomes": [
                    "#cobblemon:is_badlands",
                    "#cobblemon:is_deep_dark",
                    "#cobblemon:is_mountain"
                ]
            }
        },
        {
            "id": "garchomp-4",
            "pokemon": "garchomp",
            "presets": [
                "natural"
            ],
            "type": "pokemon",
            "context": "grounded",
            "bucket": "rare",
            "level": "48-60",
            "weight": 0.0,
            "condition": {
                "minSkyLight": 0,
                "maxSkyLight": 7,
                "biomes": [
                    "#aether:is_aether"
                ]
            }
        }
    ]
}