{
    "enabled": false,
    "neededInstalledMods": [],
    "neededUninstalledMods": [],
    "spawns": [
        {
            "id": "rhyperior-1",
            "pokemon": "rhyperior",
            "presets": [
                "natural",
                "wild"
            ],
            "type": "pokemon",
            "context": "grounded",
            "bucket": "common",
            "level": "44-54",
            "weight": 0.0,
            "weightMultiplier": {
                "multiplier": 0.25,
                "condition": {
                    "timeRange": "night"
                }
            },
            "condition": {
                "minSkyLight": 8,
                "maxSkyLight": 15,
                "biomes": [
                    "#cobblemon:is_mountain",
                    "#cobblemon:is_savanna"
                ]
            },
            "anticondition": {
                "biomes": [
                    "#cobblemon:is_cold"
                ]
            }
        }
    ]
}