{
  "enabled": true,
  "neededInstalledMods": [],
  "neededUninstalledMods": [],
  "spawns": [
    {
      "id": "cresselia-1T",
      "pokemon": "cresselia",
      "presets": [
        "natural",
        "wild"
      ],
      "type": "pokemon",
      "context": "grounded",
      "bucket": "ultra-rare",
      "level": "70",
      "weight": 1.5,
      "weightMultipliers": [
        {
          "multiplier": 6.0,
          "condition": {
            "moonPhase": 0
          }
        }
      ],
      "condition": {
        "timeRange": "night",
        "biomes": [
          "#cobblemon:is_floral"
        ]
      }
    }
  ]
}