{
  "enabled": true,
  "neededInstalledMods": [],
  "neededUninstalledMods": [],
  "spawns": [     
    {
      "id": "darkrai-1T",
      "pokemon": "darkrai",
      "presets": [
        "natural"
      ],
      "type": "pokemon",
      "context": "grounded",
      "bucket": "ultra-rare",
      "level": "70",
      "weight": 2.0,
      "weightMultipliers": [
        {
          "multiplier": 3.0,
          "condition": {
            "timeRange": "night"
          }
        }
      ],
      "condition": {
        "biomes": [
          "#cobblemon:is_deep_dark"
        ]
      }
    }
  ]
}