{
  "enabled": true,
  "neededInstalledMods": [],
  "neededUninstalledMods": [],
  "spawns": [
    {
      "id": "shaymin-1",
      "pokemon": "shaymin",
      "presets": [
      ],
      "type": "pokemon",
      "context": "grounded",
      "bucket": "ultra-rare",
      "level": "65-75",
      "weight": 1.0,
      "condition": {
        "biomes": [
          "#cobblemon:is_floral",
          "biomesoplenty:auroral_garden",
          "biomesoplenty:mystic_grove",
          "biomesoplenty:lavender_field",
          "terralith:emerald_peaks",
          "terralith:haze_mountains",
          "terralith:sakura_grove"
               ]
            }
        }
    ]
}