{
    "enabled": true,
    "neededInstalledMods": [],
    "neededUninstalledMods": [],
    "spawns": [
        {
            "id": "tepig-1",
            "pokemon": "tepig",
            "presets": [
                "natural"
            ],
            "type": "pokemon",
            "context": "grounded",
            "bucket": "ultra-rare",
            "level": "5-31",
            "weight": 6.0,
            "condition": {
                "minSkyLight": 8,
                "maxSkyLight": 15,
                "biomes": [
                    "#cobblemon:is_plains"
                ]
            }
        },
        {
            "id": "tepig-2",
            "pokemon": "tepig",
            "presets": [
                "natural"
            ],
            "type": "pokemon",
            "context": "grounded",
            "bucket": "ultra-rare",
            "level": "5-31",
            "weight": 6.0,
            "condition": {
                "biomes": [
                    "#cobblemon:nether/is_crimson",
                    "#cobblemon:nether/is_overgrowth"
                ]
            }
        }
    ]
}