{
  "type": "recipe",
  "additional-output": [
    {
      "id": "minecolonies:sifter_mesh_diamond"
    },
    {
      "id": "minecraft:redstone"
    },
    {
      "id": "minecraft:iron_nugget"
    },
    {
      "id": "minecraft:coal"
    },
    {
      "id": "minecraft:lapis_lazuli"
    },
    {
      "id": "minecraft:iron_ingot"
    },
    {
      "id": "minecraft:gold_ingot"
    },
    {
      "id": "minecraft:emerald"
    },
    {
      "id": "minecraft:diamond"
    },
	{
      "id": "cobblemon:tumblestone"
    },
    {
      "id": "cobblemon:black_tumblestone"
    },
    {
      "id": "cobblemon:sky_tumblestone"
    }
  ],
  "crafter": "sifter_custom",
  "inputs": [
    {
      "id": "minecraft:gravel"
    },
    {
      "id": "minecolonies:sifter_mesh_diamond"
    }
  ],
  "intermediate": "minecraft:air",
  "loot-table": "minecolonies:recipes/diamond/gravel",
  "min-building-level": 5
}