{
  "type": "recipe",
  "crafter": "mechanic_crafting",
  "inputs": [
    {
      "count": 1,
      "id": "minecraft:diamond_helmet"
    },
    {
      "count": 2,
      "id": "minecraft:iron_ingot"
    },
	{
      "count": 2,
      "id": "minecraft:lapis_lazuli"
    },
    {
      "count": 2,
      "id": "minecraft:amethyst_shard"
    },
	{
      "count": 1,
      "id": "minecraft:netherite_ingot"
    }
  ],
  "intermediate": "minecraft:air",
  "min-building-level": 4,
  "result": {
    "count": 1,
    "id": "cobblemon:exp_share"
  }
}