{
  "type": "recipe",
  "crafter": "mechanic_crafting",
  "inputs": [
    {
      "count": 1,
      "id": "minecraft:shulker_shell"
    },
    {
      "count": 1,
      "id": "minecraft:nether_star"
    },
	{
      "count": 1,
      "id": "tmtceic:netherite_pokeball_frame"
    },
    {
      "count": 1,
      "id": "cobblemon:pink_apricorn"
    },
	{
      "count": 1,
      "id": "cobblemon:white_apricorn"
    }
  ],
  "intermediate": "minecraft:air",
  "min-building-level": 5,
  "result": {
    "count": 1,
    "id": "cobblemon:master_ball"
  }
}