{
  "pools": [
    {
      "bonus_rolls": {
        "type": "minecraft:uniform",
        "max": 0.3,
        "min": 0.3
      },
      "entries": [
        {
          "type": "minecraft:item",
          "functions": [
            {
              "add": false,
              "count": {
                "type": "minecraft:uniform",
                "max": 25.0,
                "min": 5.0
              },
              "function": "minecraft:set_count"
            }
          ],
          "name": "minecraft:netherrack",
          "weight": 20
        },
        {
          "type": "minecraft:item",
          "functions": [
            {
              "add": false,
              "count": {
                "type": "minecraft:uniform",
                "max": 7.0,
                "min": 1.0
              },
              "function": "minecraft:set_count"
            }
          ],
          "name": "minecraft:soul_sand",
          "weight": 10
        },
        {
          "type": "minecraft:item",
          "functions": [
            {
              "add": false,
              "count": {
                "type": "minecraft:uniform",
                "max": 5.0,
                "min": 1.0
              },
              "function": "minecraft:set_count"
            }
          ],
          "name": "minecraft:soul_soil",
          "weight": 8
        },
        {
          "type": "minecraft:item",
          "functions": [
            {
              "add": false,
              "count": {
                "type": "minecraft:uniform",
                "max": 10.0,
                "min": 1.0
              },
              "function": "minecraft:set_count"
            }
          ],
          "name": "minecraft:gravel",
          "weight": 10
        },
        {
          "type": "minecraft:item",
          "functions": [
            {
              "add": false,
              "count": {
                "type": "minecraft:uniform",
                "max": 4.0,
                "min": 1.0
              },
              "function": "minecraft:set_count"
            }
          ],
          "name": "minecraft:nether_quartz_ore",
          "weight": 15
        },
		{
          "type": "minecraft:item",
          "functions": [
            {
              "add": false,
              "count": {
                "type": "minecraft:uniform",
                "max": 5.0,
                "min": 1.0
              },
              "function": "minecraft:set_count"
            }
          ],
          "name": "cobblemon:poke_ball",
          "weight": 10
        }
      ],
      "rolls": {
        "type": "minecraft:uniform",
        "max": 10.0,
        "min": 3.0
      }
    },
    {
      "bonus_rolls": {
        "type": "minecraft:uniform",
        "max": 0.1,
        "min": 0.1
      },
      "entries": [
        {
          "type": "minecraft:item",
          "functions": [
            {
              "components": {
                "minecolonies:adventure": {
                  "damage": 5.0,
                  "entity": "minecraft:zombified_piglin",
                  "xp": 5
                }
              },
              "function": "minecraft:set_components"
            }
          ],
          "name": "minecolonies:adventure_token",
          "quality": -10,
          "weight": 5500
        },
        {
          "type": "minecraft:item",
          "functions": [
            {
              "components": {
                "minecolonies:adventure": {
                  "damage": 3.0,
                  "entity": "minecraft:magma_cube",
                  "xp": 4
                }
              },
              "function": "minecraft:set_components"
            }
          ],
          "name": "minecolonies:adventure_token",
          "quality": 10,
          "weight": 300
        },
        {
          "type": "minecraft:item",
          "functions": [
            {
              "components": {
                "minecolonies:adventure": {
                  "damage": 3.0,
                  "entity": "minecraft:hoglin",
                  "xp": 5
                }
              },
              "function": "minecraft:set_components"
            }
          ],
          "name": "minecolonies:adventure_token",
          "quality": -1,
          "weight": 500
        },
        {
          "type": "minecraft:item",
          "functions": [
            {
              "components": {
                "minecolonies:adventure": {
                  "damage": 12.0,
                  "entity": "minecraft:ghast",
                  "xp": 5
                }
              },
              "function": "minecraft:set_components"
            }
          ],
          "name": "minecolonies:adventure_token",
          "quality": -3,
          "weight": 300
        },
        {
          "type": "minecraft:item",
          "functions": [
            {
              "components": {
                "minecolonies:adventure": {
                  "damage": 7.0,
                  "entity": "minecraft:enderman",
                  "xp": 5
                }
              },
              "function": "minecraft:set_components"
            }
          ],
          "name": "minecolonies:adventure_token",
          "quality": -3,
          "weight": 300
        },
        {
          "type": "minecraft:item",
          "functions": [
            {
              "components": {
                "minecolonies:adventure": {
                  "damage": 5.0,
                  "entity": "minecraft:blaze",
                  "xp": 10
                }
              },
              "function": "minecraft:set_components"
            }
          ],
          "name": "minecolonies:adventure_token",
          "quality": 1,
          "weight": 100
        }
      ],
      "rolls": {
        "type": "minecraft:uniform",
        "max": 6.0,
        "min": 2.0
      }
    }
  ],
  "random_sequence": "minecolonies:recipes/netherworker/trip1"
}