{
  "pools": [
    {
      "bonus_rolls": {
        "type": "minecraft:uniform",
        "max": 0.3,
        "min": 0.3
      },
      "entries": [
        {
          "type": "minecraft:item",
          "functions": [
            {
              "add": false,
              "count": {
                "type": "minecraft:uniform",
                "max": 25.0,
                "min": 5.0
              },
              "function": "minecraft:set_count"
            }
          ],
          "name": "minecraft:netherrack",
          "weight": 20
        },
        {
          "type": "minecraft:item",
          "functions": [
            {
              "add": false,
              "count": {
                "type": "minecraft:uniform",
                "max": 7.0,
                "min": 1.0
              },
              "function": "minecraft:set_count"
            }
          ],
          "name": "minecraft:soul_sand",
          "weight": 10
        },
        {
          "type": "minecraft:item",
          "functions": [
            {
              "add": false,
              "count": {
                "type": "minecraft:uniform",
                "max": 5.0,
                "min": 1.0
              },
              "function": "minecraft:set_count"
            }
          ],
          "name": "minecraft:soul_soil",
          "weight": 8
        },
        {
          "type": "minecraft:item",
          "functions": [
            {
              "add": false,
              "count": {
                "type": "minecraft:uniform",
                "max": 10.0,
                "min": 1.0
              },
              "function": "minecraft:set_count"
            }
          ],
          "name": "minecraft:gravel",
          "weight": 10
        },
        {
          "type": "minecraft:item",
          "functions": [
            {
              "add": false,
              "count": {
                "type": "minecraft:uniform",
                "max": 4.0,
                "min": 1.0
              },
              "function": "minecraft:set_count"
            }
          ],
          "name": "minecraft:nether_quartz_ore",
          "weight": 15
        },
        {
          "type": "minecraft:item",
          "functions": [
            {
              "add": false,
              "count": {
                "type": "minecraft:uniform",
                "max": 4.0,
                "min": 2.0
              },
              "function": "minecraft:set_count"
            }
          ],
          "name": "minecraft:glowstone",
          "weight": 5
        },
        {
          "type": "minecraft:item",
          "functions": [
            {
              "add": false,
              "count": {
                "type": "minecraft:uniform",
                "max": 2.0,
                "min": 1.0
              },
              "function": "minecraft:set_count"
            }
          ],
          "name": "minecraft:nether_wart",
          "weight": 3
        },
        {
          "type": "minecraft:item",
          "functions": [
            {
              "add": false,
              "count": {
                "type": "minecraft:uniform",
                "max": 2.0,
                "min": 1.0
              },
              "function": "minecraft:set_count"
            }
          ],
          "name": "minecraft:brown_mushroom",
          "weight": 10
        },
        {
          "type": "minecraft:item",
          "functions": [
            {
              "add": false,
              "count": {
                "type": "minecraft:uniform",
                "max": 2.0,
                "min": 1.0
              },
              "function": "minecraft:set_count"
            }
          ],
          "name": "minecraft:red_mushroom",
          "weight": 10
        },
        {
          "type": "minecraft:item",
          "functions": [
            {
              "add": false,
              "count": {
                "type": "minecraft:uniform",
                "max": 1.0,
                "min": 1.0
              },
              "function": "minecraft:set_count"
            }
          ],
          "name": "minecraft:crimson_nylium",
          "weight": 5
        },
        {
          "type": "minecraft:item",
          "functions": [
            {
              "add": false,
              "count": {
                "type": "minecraft:uniform",
                "max": 1.0,
                "min": 0.0
              },
              "function": "minecraft:set_count"
            }
          ],
          "name": "minecraft:crimson_fungus",
          "weight": 10
        },
        {
          "type": "minecraft:item",
          "functions": [
            {
              "add": false,
              "count": {
                "type": "minecraft:uniform",
                "max": 3.0,
                "min": 1.0
              },
              "function": "minecraft:set_count"
            }
          ],
          "name": "minecraft:crimson_stem",
          "weight": 5
        },
        {
          "type": "minecraft:item",
          "functions": [
            {
              "add": false,
              "count": {
                "type": "minecraft:uniform",
                "max": 3.0,
                "min": 1.0
              },
              "function": "minecraft:set_count"
            }
          ],
          "name": "minecraft:basalt",
          "weight": 5
        },
        {
          "type": "minecraft:item",
          "functions": [
            {
              "add": false,
              "count": {
                "type": "minecraft:uniform",
                "max": 1.0,
                "min": 1.0
              },
              "function": "minecraft:set_count"
            }
          ],
          "name": "minecraft:warped_nylium",
          "weight": 5
        },
        {
          "type": "minecraft:item",
          "functions": [
            {
              "add": false,
              "count": {
                "type": "minecraft:uniform",
                "max": 1.0,
                "min": 0.0
              },
              "function": "minecraft:set_count"
            }
          ],
          "name": "minecraft:warped_fungus",
          "weight": 10
        },
        {
          "type": "minecraft:item",
          "functions": [
            {
              "add": false,
              "count": {
                "type": "minecraft:uniform",
                "max": 3.0,
                "min": 1.0
              },
              "function": "minecraft:set_count"
            }
          ],
          "name": "minecraft:warped_stem",
          "weight": 5
        },
        {
          "type": "minecraft:item",
          "name": "minecraft:ochre_froglight",
          "weight": 2
        },
        {
          "type": "minecraft:item",
          "name": "minecraft:pearlescent_froglight"
        },
        {
          "type": "minecraft:item",
          "name": "minecraft:verdant_froglight"
        },
        {
          "type": "minecraft:item",
          "functions": [
            {
              "add": false,
              "count": {
                "type": "minecraft:uniform",
                "max": 2.0,
                "min": 1.0
              },
              "function": "minecraft:set_count"
            }
          ],
          "name": "minecraft:nether_gold_ore",
          "weight": 5
        },
        {
          "type": "minecraft:item",
          "functions": [
            {
              "add": false,
              "count": {
                "type": "minecraft:uniform",
                "max": 3.0,
                "min": 1.0
              },
              "function": "minecraft:set_count"
            }
          ],
          "name": "minecraft:blackstone",
          "weight": 5
        },
		{
          "type": "minecraft:item",
          "functions": [
            {
              "add": false,
              "count": {
                "type": "minecraft:uniform",
                "max": 3.0,
                "min": 1.0
              },
              "function": "minecraft:set_count"
            }
          ],
          "name": "cobblemon:ability_capsule",
          "weight": 5
        },
		{
          "type": "minecraft:item",
          "functions": [
            {
              "add": false,
              "count": {
                "type": "minecraft:uniform",
                "max": 10.0,
                "min": 1.0
              },
              "function": "minecraft:set_count"
            }
          ],
          "name": "cobblemon:ultra_ball",
          "weight": 10
        },
		{
          "type": "minecraft:item",
          "functions": [
            {
              "add": false,
              "count": {
                "type": "minecraft:uniform",
                "max": 3.0,
                "min": 1.0
              },
              "function": "minecraft:set_count"
            }
          ],
          "name": "cobblemon:ability_patch",
          "weight": 5
        },
        {
          "type": "minecraft:item",
          "name": "cobblemon:skull_fossil",
          "weight": 2
        },
        {
          "type": "minecraft:item",
          "name": "cobblemon:armor_fossil"
        },
        {
          "type": "minecraft:item",
          "name": "cobblemon:cover_fossil"
        },
		{
          "type": "minecraft:item",
          "name": "cobblemon:plume_fossil"
        },
        {
          "type": "minecraft:item",
          "name": "cobblemon:jaw_fossil"
        }
      ],
      "rolls": {
        "type": "minecraft:uniform",
        "max": 10.0,
        "min": 3.0
      }
    },
    {
      "bonus_rolls": {
        "type": "minecraft:uniform",
        "max": 0.1,
        "min": 0.1
      },
      "entries": [
        {
          "type": "minecraft:item",
          "functions": [
            {
              "components": {
                "minecolonies:adventure": {
                  "damage": 5.0,
                  "entity": "minecraft:zombified_piglin",
                  "xp": 5
                }
              },
              "function": "minecraft:set_components"
            }
          ],
          "name": "minecolonies:adventure_token",
          "quality": -10,
          "weight": 5500
        },
        {
          "type": "minecraft:item",
          "functions": [
            {
              "components": {
                "minecolonies:adventure": {
                  "damage": 3.0,
                  "entity": "minecraft:magma_cube",
                  "xp": 4
                }
              },
              "function": "minecraft:set_components"
            }
          ],
          "name": "minecolonies:adventure_token",
          "quality": 10,
          "weight": 300
        },
        {
          "type": "minecraft:item",
          "functions": [
            {
              "components": {
                "minecolonies:adventure": {
                  "damage": 3.0,
                  "entity": "minecraft:hoglin",
                  "xp": 5
                }
              },
              "function": "minecraft:set_components"
            }
          ],
          "name": "minecolonies:adventure_token",
          "quality": -1,
          "weight": 500
        },
        {
          "type": "minecraft:item",
          "functions": [
            {
              "components": {
                "minecolonies:adventure": {
                  "damage": 12.0,
                  "entity": "minecraft:ghast",
                  "xp": 5
                }
              },
              "function": "minecraft:set_components"
            }
          ],
          "name": "minecolonies:adventure_token",
          "quality": -3,
          "weight": 300
        },
        {
          "type": "minecraft:item",
          "functions": [
            {
              "components": {
                "minecolonies:adventure": {
                  "damage": 7.0,
                  "entity": "minecraft:enderman",
                  "xp": 5
                }
              },
              "function": "minecraft:set_components"
            }
          ],
          "name": "minecolonies:adventure_token",
          "quality": -3,
          "weight": 300
        },
        {
          "type": "minecraft:item",
          "functions": [
            {
              "components": {
                "minecolonies:adventure": {
                  "damage": 5.0,
                  "entity": "minecraft:blaze",
                  "xp": 10
                }
              },
              "function": "minecraft:set_components"
            }
          ],
          "name": "minecolonies:adventure_token",
          "quality": 1,
          "weight": 100
        }
      ],
      "rolls": {
        "type": "minecraft:uniform",
        "max": 6.0,
        "min": 2.0
      }
    }
  ],
  "random_sequence": "minecolonies:recipes/netherworker/trip4"
}