{
    "enabled": false,
    "neededInstalledMods": [],
    "neededUninstalledMods": [],
    "spawns": [
        {
            "id": "charmeleon-1",
            "pokemon": "charmeleon",
            "presets": [
                "natural"
            ],
            "type": "pokemon",
            "context": "grounded",
            "bucket": "ultra-rare",
            "level": "16-40",
            "weight": 0.0,
            "condition": {
                "minSkyLight": 8,
                "maxSkyLight": 15,
                "biomes": [
                    "#cobblemon:is_hills",
                    "#cobblemon:is_volcanic"
                ],
                "isRaining": false
            }
        },
        {
            "id": "charmeleon-2",
            "pokemon": "charmeleon",
            "presets": [
                "natural"
            ],
            "type": "pokemon",
            "context": "grounded",
            "bucket": "ultra-rare",
            "level": "16-40",
            "weight": 0.0,
            "condition": {
                "biomes": [
                    "#cobblemon:nether/is_basalt"
                ]
            }
        }
    ]
}