{
  "type": "create:crushing",
  "ingredients": [
    {
      "item": "cobblemon:deepslate_leaf_stone_ore"
    }
  ],
  "processing_time": 450,
  "results": [
    {
      "item": {
        "id": "cobblemon:leaf_stone"
      }
    },
    {
      "chance": 0.50,
      "item": {
        "id": "cobblemon:leaf_stone"
      }
    },
    {
      "chance": 0.50,
      "count": 2,
      "item": {
        "id": "create:experience_nugget"
      }
    },
    {
      "chance": 0.125,
      "item": {
        "id": "minecraft:cobblestone"
      }
    }
  ]
}