{
  "type": "create:sequenced_assembly",
  "ingredient": {
    "item": "cobblemonparts:iron_base"
  },
  "loops": 1,
  "results": [
    {
	  "count": 4,
      "id": "cobblemon:level_ball"
    }
  ],
  "sequence": [
    {
      "type": "create:deploying",
      "ingredients": [
        {
          "item": "cobblemonparts:iron_base"
        },
        {
          "tag": "c:nuggets/iron"
        }
      ],
      "results": [
        {
          "id": "cobblemonparts:iron_base"
        }
      ]
    },
    {
      "type": "create:deploying",
      "ingredients": [
        {
          "item": "cobblemonparts:iron_base"
        },
        {
          "item": "cobblemonparts:level_ball_lid"
        }
  ],
      "results": [
        {
          "id": "cobblemonparts:iron_base"
        }
      ]
    },
    {
      "type": "create:pressing",
      "ingredients": [
        {
          "item": "cobblemonparts:iron_base"
        }
      ],
      "results": [
        {
          "id": "cobblemonparts:iron_base"
        }
      ]
    }
  ],
  "transitional_item": {
    "id": "cobblemonparts:iron_base"
  }
}