{
  "type": "recipe",
  "additional-output": [
    {
      "id": "minecolonies:sifter_mesh_flint"
    },
    {
      "id": "minecraft:cactus"
    },
    {
      "id": "minecraft:sugar_cane"
    },
    {
      "id": "minecraft:gold_nugget"
    },
	{
      "id": "brendons_bottlecaps:atksilvercap"
    },
    {
      "id": "brendons_bottlecaps:spatksilvercap"
    },
    {
      "id": "brendons_bottlecaps:spdefsilvercap"
    },
    {
      "id": "brendons_bottlecaps:speedsilvercap"
    },
	{
      "id": "brendons_bottlecaps:defsilvercap"
    },
    {
      "id": "brendons_bottlecaps:hpsilvercap"
    }
  ],
  "crafter": "sifter_custom",
  "inputs": [
    {
      "id": "minecraft:sand"
    },
    {
      "id": "minecolonies:sifter_mesh_flint"
    }
  ],
  "intermediate": "minecraft:air",
  "loot-table": "minecolonies:recipes/flint/sand",
  "min-building-level": 3
}