{
  "type": "create:compacting",
  "ingredients": [
    {
      "item": "minecraft:blaze_powder"
    },
    {
      "item": "minecraft:blaze_powder"
    },
    {
      "item": "minecraft:blaze_powder"
    },
    {
      "item": "minecraft:blaze_powder"
    },
    {
      "item": "minecraft:blaze_powder"
    },
    {
      "item": "minecraft:blaze_powder"
    },
    {
      "item": "minecraft:blaze_powder"
    },
    {
      "item": "minecraft:blaze_powder"
    },
    {
      "item": "minecraft:blaze_powder"
    }
  ],
  "results": [
    {
      "id": "minecraft:blaze_rod"
    }
  ]
}