{
  "type": "create:compacting",
  "heat_requirement": "heated",
  "ingredients": [
    {
      "type": "fluid_stack",
      "amount": 100,
      "fluid": "tmtceic:black_apri_gel"
    },
    {
      "type": "fluid_stack",
      "amount": 100,
      "fluid": "tmtceic:blue_apri_gel"
    },
	{
      "type": "fluid_stack",
      "amount": 200,
      "fluid": "tmtceic:yellow_apri_gel"
    },
    {
      "item": "minecraft:iron_ingot"
    }
  ],
  "results": [
    { 
	  "count": 6,
      "id": "cobblemonparts:moon_ball_lid"
    }
  ]
}