{
  "pools": [
    {
      "bonus_rolls": 0.025,
      "entries": [
        {
          "type": "minecraft:empty",
          "weight": 3
        },
        {
          "type": "minecraft:item",
          "name": "minecraft:wheat_seeds",
          "weight": 50
        },
        {
          "type": "minecraft:item",
          "name": "minecraft:oak_sapling",
          "weight": 10
        },
        {
          "type": "minecraft:item",
          "name": "minecraft:birch_sapling",
          "weight": 10
        },
        {
          "type": "minecraft:item",
          "name": "minecraft:spruce_sapling",
          "weight": 10
        },
        {
          "type": "minecraft:item",
          "name": "minecraft:jungle_sapling",
          "weight": 10
        },
        {
          "type": "minecraft:item",
          "name": "minecraft:carrot"
        },
        {
          "type": "minecraft:item",
          "name": "minecraft:potato"
        },
        {
          "type": "minecraft:item",
          "name": "minecraft:pumpkin_seeds"
        },
        {
          "type": "minecraft:item",
          "name": "minecraft:melon_seeds"
        },
        {
          "type": "minecraft:item",
          "name": "minecraft:beetroot_seeds"
        },
        {
          "type": "minecraft:item",
          "name": "minecraft:dark_oak_sapling"
        },
        {
          "type": "minecraft:item",
          "name": "minecraft:acacia_sapling"
        },
		{
          "type": "minecraft:item",
          "name": "cobblemon:red_apricorn_seed"
        },
        {
          "type": "minecraft:item",
          "name": "cobblemon:yellow_apricorn_seed"
        },
        {
          "type": "minecraft:item",
          "name": "cobblemon:green_apricorn_seed"
        },
        {
          "type": "minecraft:item",
          "name": "cobblemon:blue_apricorn_seed"
        },
		{
          "type": "minecraft:item",
          "name": "cobblemon:pink_apricorn_seed"
        },
        {
          "type": "minecraft:item",
          "name": "cobblemon:black_apricorn_seed"
        },
        {
          "type": "minecraft:item",
          "name": "cobblemon:white_apricorn_seed"
        }
      ],
      "rolls": 1.0
    }
  ],
  "random_sequence": "minecolonies:recipes/iron/dirt"
}