{
  "pools": [
    {
      "bonus_rolls": 0.125,
      "entries": [
        {
          "type": "minecraft:empty",
          "weight": 46
        },
        {
          "type": "minecraft:item",
          "name": "minecraft:redstone",
          "weight": 15
        },
        {
          "type": "minecraft:item",
          "name": "minecraft:iron_nugget",
          "weight": 15
        },
        {
          "type": "minecraft:item",
          "name": "minecraft:coal",
          "weight": 15
        },
        {
          "type": "minecraft:item",
          "name": "minecraft:lapis_lazuli",
          "weight": 5
        },
        {
          "type": "minecraft:item",
          "name": "minecraft:iron_ingot"
        },
        {
          "type": "minecraft:item",
          "name": "minecraft:gold_ingot"
        },
        {
          "type": "minecraft:item",
          "name": "minecraft:emerald"
        },
        {
          "type": "minecraft:item",
          "name": "minecraft:diamond"
        },
		{
          "type": "minecraft:item",
          "name": "cobblemon:tumblestone",
		  "weight": 5
        },
        {
          "type": "minecraft:item",
          "name": "cobblemon:black_tumblestone",
		  "weight": 5
        },
        {
          "type": "minecraft:item",
          "name": "cobblemon:sky_tumblestone",
		  "weight": 5
        }
      ],
      "rolls": 1.0
    }
  ],
  "random_sequence": "minecolonies:recipes/iron/gravel"
}