{
  "spawn_settings": {
    "outbreak_min_y": -63,
    "outbreak_max_y": 255,
    "biome_settings": {
      "biome": [
		"#cobblemon:is_magical",
		"#cobblemon:is_spooky"
		
      ]
    }
  },
  "gate_timer": 36000,
  "species_data": {
    "pokemon": "impidimp",
    "wave_data": {
      "waves": 3,
      "spawns_per_wave": 5
    },
    "species_shiny_data": {
      "shiny_choice": "config",
      "shiny_chance": 512.0
    },
    "pokemon_rarity": "rare"
  },
  "rewards": {
    "item_rewards": [
      {
        "item_reward": {
          "id": "brendons_bottlecaps:spatksilvercap",
          "count": 1
        },
        "chance": 0.1
      },
      {
        "item_reward": {
          "id": "cobblemon:ability_patch",
          "count": 1
        },
        "chance": 0.1
      },
      {
        "item_reward": {
          "id": "cobblemon:ability_capsule",
          "count": 1
        },
        "chance": 0.2
      },
      {
        "item_reward": {
          "id": "cobblemon:rare_candy",
          "count": 1
        },
        "chance": 0.2
      },
	  {
        "item_reward": {
          "id": "cobblemon:exp_candy_xl",
          "count": 1
        },
        "chance": 0.3
      },
      {
        "item_reward": {
          "id": "cobblemon:exp_candy_l",
          "count": 2
        },
        "chance": 0.5
      },
      {
        "item_reward": {
          "id": "cobblemon:exp_candy_m",
          "count": 2
        },
        "chance": 0.8
      },
      {
        "item_reward": {
          "id": "cobblemon:exp_candy_s",
          "count": 3
        },
        "chance": 1.0
      }
    ],
    "experience_reward": 250
  },
  "algorithms": {
    "level_algorithm": {
      "type": "cobblemonoutbreaks:random"
    },
    "spawn_algorithm": {
      "type": "cobblemonoutbreaks:open_field"
    }
  }
}