{
  "spawn_settings": {
    "outbreak_min_y": -63,
    "outbreak_max_y": 255,
    "biome_settings": {
      "biome": []
    }
  },
  "gate_timer": 36000,
  "species_data": {
    "pokemon": "magmortar",
    "wave_data": {
      "waves": 3,
      "spawns_per_wave": 2
    },
    "species_shiny_data": {
      "shiny_choice": "config",
      "shiny_chance": 1024.0
    },
    "pokemon_rarity": "epic"
  },
  "rewards": {
    "item_rewards": [
      {
        "item_reward": {
          "id": "cobblemon:ultra_ball",
          "count": 1
        },
        "chance": 1.0
      },
      {
        "item_reward": {
          "id": "cobblemon:ultra_ball",
          "count": 1
        },
        "chance": 1.0
      },
      {
        "item_reward": {
          "id": "cobblemon:rare_candy",
          "count": 1
        },
        "chance": 1.0
      },
      {
        "item_reward": {
          "id": "cobblemon:rare_candy",
          "count": 1
        },
        "chance": 1.0
      }
    ],
    "experience_reward": 500
  },
  "algorithms": {
    "level_algorithm": {
      "type": "cobblemonoutbreaks:random"
    },
    "spawn_algorithm": {
      "type": "cobblemonoutbreaks:open_field"
    }
  }
}