{
  "spawn_settings": {
    "outbreak_min_y": -63,
    "outbreak_max_y": 255,
    "biome_settings": {
      "biome": [
        "#cobblemon:is_floral",
        "#cobblemon:is_forest",
        "#cobblemon:is_hills",
        "#cobblemon:is_plains",
        "#cobblemon:is_snowy_forest",
        "#cobblemon:is_taiga"
      ]
    }
  },
  "gate_timer": 36000,
  "species_data": {
    "pokemon": "sawsbuck",
    "wave_data": {
      "waves": 3,
      "spawns_per_wave": 5
    },
    "species_shiny_data": {
      "shiny_choice": "config",
      "shiny_chance": 512.0
    },
    "pokemon_rarity": "common"
  },
  "rewards": {
    "item_rewards": [
      {
        "item_reward": {
          "id": "brendons_bottlecaps:atksilvercap",
          "count": 1
        },
        "chance": 1.0
      }
	],
    "experience_reward": 0
  },
  "algorithms": {
    "level_algorithm": {
      "type": "cobblemonoutbreaks:random"
    },
    "spawn_algorithm": {
      "type": "cobblemonoutbreaks:open_field"
    }
  }
}