{
  "spawn_settings": {
    "outbreak_min_y": -63,
    "outbreak_max_y": 255,
    "biome_settings": {
      "biome": []
    }
  },
  "gate_timer": 36000,
  "species_data": {
    "pokemon": "tangrowth",
    "wave_data": {
      "waves": 3,
      "spawns_per_wave": 5
    },
    "species_shiny_data": {
      "shiny_choice": "config",
      "shiny_chance": 1024.0
    },
    "pokemon_rarity": "rare"
  },
  "rewards": {
    "item_rewards": [],
    "experience_reward": 0
  },
  "algorithms": {
    "level_algorithm": {
      "type": "cobblemonoutbreaks:random"
    },
    "spawn_algorithm": {
      "type": "cobblemonoutbreaks:open_field"
    }
  }
}