{
  "pools": [
    {
      "bonus_rolls": 0.0,
      "entries": [
        {
          "type": "minecraft:empty",
          "weight": 71
        },
        {
          "type": "minecraft:item",
          "name": "minecraft:wheat_seeds",
          "weight": 25
        },
        {
          "type": "minecraft:item",
          "name": "minecraft:oak_sapling"
        },
        {
          "type": "minecraft:item",
          "name": "minecraft:birch_sapling"
        },
        {
          "type": "minecraft:item",
          "name": "minecraft:spruce_sapling"
        },
        {
          "type": "minecraft:item",
          "name": "minecraft:jungle_sapling"
        },
		{
          "type": "minecraft:item",
          "name": "cobblemon:red_apricorn_seed"
        },
        {
          "type": "minecraft:item",
          "name": "cobblemon:yellow_apricorn_seed"
        },
        {
          "type": "minecraft:item",
          "name": "cobblemon:green_apricorn_seed"
        },
        {
          "type": "minecraft:item",
          "name": "cobblemon:blue_apricorn_seed"
        },
		{
          "type": "minecraft:item",
          "name": "cobblemon:pink_apricorn_seed"
        },
        {
          "type": "minecraft:item",
          "name": "cobblemon:black_apricorn_seed"
        },
        {
          "type": "minecraft:item",
          "name": "cobblemon:white_apricorn_seed"
        }
      ],
      "rolls": 1.0
    }
  ],
  "random_sequence": "minecolonies:recipes/string/dirt"
}