{
  "pools": [
    {
      "bonus_rolls": 0.1,
      "entries": [
        {
          "type": "minecraft:empty",
          "weight": 95
        },
        {
          "type": "minecraft:item",
          "name": "minecraft:cactus",
          "weight": 2
        },
        {
          "type": "minecraft:item",
          "name": "minecraft:sugar_cane",
          "weight": 2
        },
		{
          "type": "minecraft:item",
          "name": "brendons_bottlecaps:atksilvercap",
          "weight": 1
        },
        {
          "type": "minecraft:item",
          "name": "brendons_bottlecaps:spatksilvercap",
          "weight": 1
        },
        {
          "type": "minecraft:item",
          "name": "brendons_bottlecaps:spdefsilvercap",
          "weight": 1
        },
        {
          "type": "minecraft:item",
          "name": "brendons_bottlecaps:speedsilvercap",
          "weight": 1
        },
        {
          "type": "minecraft:item",
          "name": "brendons_bottlecaps:defsilvercap",
          "weight": 1
        },
		{
          "type": "minecraft:item",
          "name": "brendons_bottlecaps:hpsilvercap",
          "weight": 1
        }
      ],
      "rolls": 1.0
    }
  ],
  "random_sequence": "minecolonies:recipes/string/sand"
}