{
  "pools": [
    {
      "bonus_rolls": 0.035,
      "entries": [
        {
          "type": "minecraft:empty",
          "weight": 5
        },
        {
          "type": "minecraft:item",
          "name": "minecraft:wheat_seeds",
          "weight": 15
        },
        {
          "type": "minecraft:item",
          "name": "minecraft:oak_sapling",
          "weight": 5
        },
        {
          "type": "minecraft:item",
          "name": "minecraft:birch_sapling",
          "weight": 5
        },
        {
          "type": "minecraft:item",
          "name": "minecraft:spruce_sapling",
          "weight": 5
        },
        {
          "type": "minecraft:item",
          "name": "minecraft:jungle_sapling",
          "weight": 5
        },
		{
          "type": "minecraft:item",
          "name": "cobblemon:red_apricorn_seed",
          "weight": 5
        },
        {
          "type": "minecraft:item",
          "name": "cobblemon:yellow_apricorn_seed",
          "weight": 5
        },
        {
          "type": "minecraft:item",
          "name": "cobblemon:green_apricorn_seed",
          "weight": 5
        },
        {
          "type": "minecraft:item",
          "name": "cobblemon:blue_apricorn_seed",
          "weight": 5
        },
		{
          "type": "minecraft:item",
          "name": "cobblemon:pink_apricorn_seed",
          "weight": 5
        },
        {
          "type": "minecraft:item",
          "name": "cobblemon:black_apricorn_seed",
          "weight": 5
        },
        {
          "type": "minecraft:item",
          "name": "cobblemon:white_apricorn_seed",
          "weight": 5
        },
        {
          "type": "minecraft:item",
          "name": "minecraft:carrot",
          "weight": 5
        },
        {
          "type": "minecraft:item",
          "name": "minecraft:potato",
          "weight": 5
        },
        {
          "type": "minecraft:item",
          "name": "minecraft:pumpkin_seeds",
          "weight": 5
        },
        {
          "type": "minecraft:item",
          "name": "minecraft:melon_seeds",
          "weight": 5
        },
        {
          "type": "minecraft:item",
          "name": "minecraft:beetroot_seeds",
          "weight": 5
        },
        {
          "type": "minecraft:item",
          "name": "minecraft:dark_oak_sapling",
          "weight": 5
        },
        {
          "type": "minecraft:item",
          "name": "minecraft:acacia_sapling",
          "weight": 5
        },
		{
          "type": "minecraft:item",
          "name": "minecraft:chorus_fruit",
          "weight": 5
        },
		{
          "type": "minecraft:item",
          "name": "brendons_bottlecaps:atksilvercap",
          "weight": 1
        },
        {
          "type": "minecraft:item",
          "name": "brendons_bottlecaps:spatksilvercap",
          "weight": 1
        },
        {
          "type": "minecraft:item",
          "name": "brendons_bottlecaps:spdefsilvercap",
          "weight": 1
        },
        {
          "type": "minecraft:item",
          "name": "brendons_bottlecaps:speedsilvercap",
          "weight": 1
        },
        {
          "type": "minecraft:item",
          "name": "brendons_bottlecaps:defsilvercap",
          "weight": 1
        },
		{
          "type": "minecraft:item",
          "name": "brendons_bottlecaps:hpsilvercap",
          "weight": 1
        }
      ],
      "rolls": 1.0
    }
  ],
  "random_sequence": "minecolonies:recipes/diamond/dirt"
}