{
  "pools": [
    {
      "bonus_rolls": 0.135,
      "entries": [
        {
          "type": "minecraft:empty",
          "weight": 40
        },
        {
          "type": "minecraft:item",
          "name": "minecraft:redstone",
          "weight": 20
        },
        {
          "type": "minecraft:item",
          "name": "minecraft:iron_nugget",
          "weight": 20
        },
        {
          "type": "minecraft:item",
          "name": "minecraft:coal",
          "weight": 20
        },
        {
          "type": "minecraft:item",
          "name": "minecraft:lapis_lazuli",
          "weight": 10
        },
		{
          "type": "minecraft:item",
          "name": "mega_showdown:max_mushroom",
          "weight": 5
        },
		{
          "type": "minecraft:item",
          "name": "cobblemon:tumblestone",
		  "weight": 5
        },
        {
          "type": "minecraft:item",
          "name": "cobblemon:black_tumblestone",
		  "weight": 5
        },
        {
          "type": "minecraft:item",
          "name": "cobblemon:sky_tumblestone",
		  "weight": 5
        },
        {
          "type": "minecraft:item",
          "name": "minecraft:iron_ingot",
          "weight": 2
        },
        {
          "type": "minecraft:item",
          "name": "minecraft:gold_ingot",
          "weight": 2
        },
        {
          "type": "minecraft:item",
          "name": "minecraft:emerald",
          "weight": 2
        },
        {
          "type": "minecraft:item",
          "name": "minecraft:diamond",
          "weight": 2
        }
      ],
      "rolls": 1.0
    }
  ],
  "random_sequence": "minecolonies:recipes/diamond/gravel"
}