{
  "pools": [
    {
      "bonus_rolls": 0.135,
      "entries": [
        {
          "type": "minecraft:empty",
          "weight": 40
        },
        {
          "type": "minecraft:item",
          "name": "minecraft:cactus",
          "weight": 15
        },
        {
          "type": "minecraft:item",
          "name": "minecraft:sugar_cane",
          "weight": 15
        },
        {
          "type": "minecraft:item",
          "name": "minecraft:gold_nugget",
          "weight": 15
        },
        {
          "type": "minecraft:item",
          "name": "minecraft:cocoa_beans",
          "weight": 15
        },
		{
          "type": "minecraft:item",
          "name": "brendons_bottlecaps:atksilvercap",
          "weight": 5
        },
        {
          "type": "minecraft:item",
          "name": "brendons_bottlecaps:spatksilvercap",
          "weight": 5
        },
        {
          "type": "minecraft:item",
          "name": "brendons_bottlecaps:spdefsilvercap",
          "weight": 5
        },
        {
          "type": "minecraft:item",
          "name": "brendons_bottlecaps:speedsilvercap",
          "weight": 5
        },
        {
          "type": "minecraft:item",
          "name": "brendons_bottlecaps:defsilvercap",
          "weight": 5
        },
		{
          "type": "minecraft:item",
          "name": "brendons_bottlecaps:hpsilvercap",
          "weight": 5
        },
		{
          "type": "minecraft:item",
          "name": "mega_showdown:max_mushroom",
          "weight": 1
        }
      ],
      "rolls": 1.0
    }
  ],
  "random_sequence": "minecolonies:recipes/diamond/sand"
}