{
  "neoforge:conditions": [
    {
      "type": "neoforge:mod_loaded",
      "modid": "immersiveengineering"
    }
  ],
  "type": "immersiveengineering:cloche",
  "input": {
    "item": "farmersdelight:cabbage_seeds"
  },
  "render": {
    "type": "immersiveengineering:crop",
    "block": "farmersdelight:cabbages"
  },
  "results": [
    {
      "count": 5,
      "id": "farmersdelight:cabbage"
    },
    {
      "count": 1,
      "id": "farmersdelight:cabbage_seeds"
    }
  ],
  "soil": {
    "item": "farmersdelight:rich_soil"
  },
  "time": 550
}