{
  "type": "recipe-template",
  "tag": "minecraft:logs",
  "filter": {
    "include": [ "_log" ],
    "exclude": [ "stripped_" ]
  },
  "recipe": {
    "crafter": "lumberjack_custom",
    "inputs": [
      {
        "id": "[NS]:[PATH]"
      }
    ],
    "alternate-output": [
      {
        "id": "[NS]:stripped_[PATH]"
      },
      {
        "id": "[NS]:[PATH:_log=_wood]"
      },
      {
        "id": "[NS]:stripped_[PATH:_log=_wood]"
      }
    ],
    "intermediate": "minecraft:air",
    "tool": "minecolonies:axe"
  }
}