{
  "type": "recipe-template",
  "tag": "minecraft:logs",
  "filter": {
    "include": "_stem",
    "exclude": "stripped_"
  },
  "recipe": {
    "crafter": "lumberjack_custom",
    "inputs": [
      {
        "id": "[NS]:[PATH]"
      }
    ],
    "alternate-output": [
      {
        "id": "[NS]:stripped_[PATH]"
      },
      {
        "id": "[NS]:[PATH:_stem=_hyphae]"
      },
      {
        "id": "[NS]:stripped_[PATH:_stem=_hyphae]"
      },
      {
        "id": "[NS]:[PATH:_stem=_wood]"
      },
      {
        "id": "[NS]:stripped_[PATH:_stem=_wood]"
      }
    ],
    "intermediate": "minecraft:air",
    "tool": "minecolonies:axe"
  }
}