{
  "pools": [
    {
      "bonus_rolls": 0.1,
      "entries": [
        {
          "type": "minecraft:empty",
          "weight": 60
        },
        {
          "type": "minecraft:item",
          "name": "minecraft:iron_nugget",
          "weight": 10
        },
        {
          "type": "minecraft:item",
          "name": "minecraft:flint",
          "weight": 10
        },
        {
          "type": "minecraft:item",
          "name": "minecraft:coal",
          "weight": 10
        },
        {
          "type": "minecraft:item",
          "name": "minecraft:redstone",
          "weight": 10
        },
		{
          "type": "minecraft:item",
          "name": "cobblemon:tumblestone",
          "weight": 5
        },
        {
          "type": "minecraft:item",
          "name": "cobblemon:black_tumblestone",
          "weight": 5
        },
        {
          "type": "minecraft:item",
          "name": "cobblemon:sky_tumblestone",
          "weight": 5
        }
      ],
      "rolls": 1.0
    }
  ],
  "random_sequence": "minecolonies:recipes/flint/gravel"
}